tray,fish.id,tray.position,sample.mass.mg,c.content.mg,c.content.perc,d13C,n.content.mg,n.content.perc,d15N,c.n,duplicate,
250327_BOEM_2,MOF001,C10,1,0.45,45.52,-18.06,0.14,14.36,8.46,3.17,,
250327_BOEM_2,MOF002,C11,1.03,0.47,45.62,-18.46,0.14,13.92,10.95,3.28,,
250327_BOEM_2,MOF003,C12,1.05,0.46,44.48,-18.14,0.14,13.68,10.04,3.25,,
250327_BOEM_2,MOF004,D1,0.99,0.45,45.29,-18.76,0.14,13.93,10.17,3.25,,
250327_BOEM_2,MOF005,D5,1.03,0.47,45.67,-18.35,0.14,13.62,9.79,3.35,,
250327_BOEM_2,MOF006,D6,1.03,0.47,45.69,-18.97,0.14,13.86,9.48,3.3,,
250327_BOEM_2,MOF007,D7,1.04,0.48,46.32,-18.33,0.15,14.3,10.62,3.24,,
250327_BOEM_2,MOF008,D8,1,0.46,46.52,-18.3,0.14,14.42,9.48,3.23,,
250327_BOEM_2,MOF009,D9,0.98,0.45,46.27,-18.89,0.14,14.31,9.81,3.23,Y,
250327_BOEM_2,SPO001,A9,0.97,0.44,45.62,-16.73,0.14,14.45,7.77,3.16,Y,
250327_BOEM_2,SPO002,A11,0.95,0.43,45.15,-17.63,0.14,14.35,7.35,3.15,,
250327_BOEM_2,SPO003,A12,0.99,0.45,45.45,-20.28,0.14,14.55,8.67,3.12,,
250327_BOEM_2,SPO004,B1,1.01,0.45,45.22,-18.47,0.14,14.27,8.29,3.17,,
250327_BOEM_2,SPO005,B2,1.01,0.45,44.51,-17.09,0.14,14.11,9.12,3.15,,
250327_BOEM_2,SPO006,B5,0.99,0.45,45.15,-17.26,0.14,14.27,10.85,3.16,,
250327_BOEM_2,SPO007,B6,0.96,0.44,45.89,-22.34,0.14,14.55,8.46,3.15,,
250327_BOEM_2,SPO008,B7,1.04,0.47,45.07,-18.75,0.15,14.28,9.31,3.16,,
250327_BOEM_2,THH001,B8,1.03,0.45,44.03,-17.32,0.14,13.94,6.82,3.16,,
250327_BOEM_2,THH002,B9,1.04,0.48,46.1,-18.31,0.15,13.99,7.17,3.29,,
250327_BOEM_2,THH003,C1,1.09,0.49,45.41,-20.26,0.16,14.57,6.87,3.12,,
250327_BOEM_2,THH004,C2,1.04,0.47,45.43,-18.82,0.15,14.61,6.83,3.11,,
250327_BOEM_2,THH005,C3,0.98,0.46,46.77,-18.75,0.14,14.02,7.9,3.34,,
250327_BOEM_2,THH006,C4,0.94,0.44,46.44,-16.78,0.14,14.61,7.59,3.18,,
250327_BOEM_2,THH007,C5,0.95,0.44,46.38,-18.8,0.14,14.8,6.92,3.13,,
250327_BOEM_2,THH008,C6,1.07,0.5,46.23,-19.06,0.16,14.71,5.79,3.14,,
250327_BOEM_2,THH009,C9,0.94,0.43,45.43,-19.86,0.14,14.55,6.65,3.12,,
250327_BOEM_3,LIZ001,C10,1.06,0.49,46,-19.06,0.16,14.92,8.21,3.08,,
250327_BOEM_3,LIZ002,C11,1.08,0.5,46.31,-18.92,0.16,15.08,9.59,3.07,,
250327_BOEM_3,LIZ003,C12,1.04,0.48,46.21,-18.65,0.16,15.14,6.3,3.05,,
250327_BOEM_3,LIZ004,D1,1.04,0.48,46.1,-18.36,0.16,15.01,7.95,3.07,,
250327_BOEM_3,LIZ005,D5,1.14,0.52,45.66,-19.14,0.17,14.8,8.17,3.08,,
250327_BOEM_3,LIZ006,D6,0.99,0.44,44.43,-18.43,0.14,14.43,7.82,3.08,,
250327_BOEM_3,LIZ007,D7,1.11,0.51,46.09,-18.91,0.17,14.9,8.05,3.09,,
250327_BOEM_3,LIZ008,D8,1.11,0.51,45.98,-18.9,0.16,14.83,8.16,3.1,,
250327_BOEM_3,LIZ009,D9,1.08,0.49,45.5,-18.67,0.16,14.67,8.01,3.1,,
250327_BOEM_3,PIG001,A9,1.06,0.48,45.41,-18.55,0.16,14.72,7.23,3.09,,
250327_BOEM_3,PIG002,A11,1.06,0.47,44.6,-18.27,0.15,14.36,7.43,3.11,,
250327_BOEM_3,PIG003,A12,0.98,0.45,45.84,-18.11,0.14,14.73,7.17,3.11,,
250327_BOEM_3,PIG004,B1,0.98,0.45,46.62,-17.72,0.15,14.91,8.62,3.13,,
250327_BOEM_3,PIG005,B2,1.08,0.51,47.16,-18.49,0.15,14.11,10.68,3.34,,
250327_BOEM_3,PIG006,B5,1.03,0.47,45.52,-19.03,0.15,14.77,9.1,3.08,,
250327_BOEM_3,PIG007,B6,1.13,0.51,45.35,-18.04,0.17,14.76,8.34,3.07,,
250327_BOEM_3,PIG008,B7,0.99,0.44,45.04,-17.11,0.14,14.4,6.66,3.13,,
250327_BOEM_3,WEF001,B8,1.11,0.51,45.86,-18.86,0.16,14.67,8.19,3.13,,
250327_BOEM_3,WEF002,B9,1.12,0.51,46.12,-18.39,0.17,14.81,8.88,3.11,,
250327_BOEM_3,WEF003,C1,1.06,0.49,46.29,-18.87,0.16,14.9,8.4,3.11,,
250327_BOEM_3,WEF004,C2,1.07,0.5,46.57,-18.85,0.15,14.3,10.42,3.26,,
250327_BOEM_3,WEF005,C3,1.01,0.47,46.3,-18.76,0.15,14.85,8.92,3.12,,
250327_BOEM_3,WEF006,C4,1.1,0.51,46.33,-18.84,0.16,14.86,10.44,3.12,,
250327_BOEM_3,WEF007,C5,1.08,0.5,46.54,-18.32,0.16,15.01,8.23,3.1,,
250327_BOEM_3,WEF008,C6,1.1,0.51,46.21,-18.77,0.16,14.65,9,3.15,,
250327_BOEM_3,WEF009,C9,1.09,0.5,46.05,-18.5,0.16,14.76,9.71,3.12,,
250404_BOEM_Spot_1,SPO009,A9,1.05,0.48,45.88,-19.64,0.15,14.2,11.06,3.23,Y,
250404_BOEM_Spot_1,SPO010,A11,1.03,0.46,45.23,-17.31,0.15,14.16,8.96,3.19,,
250404_BOEM_Spot_1,SPO011,A12,0.99,0.45,45.09,-24.07,0.14,14.16,9.4,3.18,,
250404_BOEM_Spot_1,SPO012,B1,1.07,0.49,45.34,-26.22,0.16,14.45,10.98,3.14,,
250404_BOEM_Spot_1,SPO013,B2,1.01,0.44,43.7,-19.17,0.14,13.8,10.57,3.17,,
250404_BOEM_Spot_1,SPO014,B5,1.03,0.47,45.36,-18.55,0.15,14.23,8.63,3.19,,
250404_BOEM_Spot_1,SPO015,B6,1.03,0.45,43.92,-18.3,0.14,13.65,10.8,3.22,,
250404_BOEM_Spot_1,SPO016,B7,1.06,0.42,40.18,-19.99,0.13,12.7,8.47,3.16,,
250404_BOEM_Spot_1,SPO017,B8,1,0.44,44.09,-20.16,0.14,13.93,12.97,3.16,,
250404_BOEM_Spot_1,SPO018,B9,1.03,0.47,45.7,-16.81,0.15,14.33,9.67,3.19,,
250404_BOEM_Spot_1,SPO019,C1,1,0.45,45.12,-20.44,0.14,14.3,8.33,3.16,,
250404_BOEM_Spot_1,SPO020,C2,1.01,0.46,45.5,-22.46,0.15,14.49,13.86,3.14,,
250404_BOEM_Spot_1,SPO021,C3,0.97,0.42,43.65,-22.52,0.13,13.84,10.17,3.15,,
250404_BOEM_Spot_1,SPO022,C4,0.97,0.43,44.76,-19.17,0.14,14.06,11.01,3.18,,
250404_BOEM_Spot_1,SPO023,C5,1,0.47,46.69,-19.63,0.13,13.02,14.25,3.58,,
250404_BOEM_Spot_1,SPO024,C6,0.97,0.44,45.74,-19.71,0.14,14.39,12.28,3.18,,
250404_BOEM_Spot_1,SPO025,C9,1.02,0.43,41.85,-18.1,0.13,13.18,11.84,3.17,,
250404_BOEM_Spot_1,SPO026,C10,1.07,0.5,46.64,-19.62,0.15,14.39,12.31,3.24,,
250404_BOEM_Spot_1,SPO027,C11,1.05,0.48,45.43,-21.3,0.14,13.85,11.13,3.28,,
250404_BOEM_Spot_1,SPO028,C12,1.06,0.49,45.99,-20.73,0.15,14.58,9.82,3.16,,
250404_BOEM_Spot_1,SPO029,D1,0.95,0.43,45.23,-16.07,0.13,14.15,8.69,3.2,,
250404_BOEM_Spot_1,SPO030,D5,1.06,0.48,44.98,-16.79,0.15,14.47,7.09,3.11,,
250404_BOEM_Spot_1,SPO031,D6,1.02,0.47,45.62,-18.85,0.15,14.43,9.16,3.16,,
250404_BOEM_Spot_1,SPO032,D7,1.05,0.47,44.82,-20.67,0.15,14.35,9.44,3.12,,
250404_BOEM_Spot_1,SPO033,D8,0.93,0.41,44.53,-18.87,0.13,14.25,11.25,3.12,,
250404_BOEM_Spot_1,SPO034,D9,1.03,0.47,45.34,-18.56,0.15,14.74,6.97,3.08,Y,
250407_BOEM_THH_1,THH010,A9,0.94,0.42,45.06,-18.53,0.13,13.94,7.34,3.23,Y,
250407_BOEM_THH_1,THH011,A11,1.01,0.44,43.89,-19.13,0.14,13.46,7.26,3.26,,
250407_BOEM_THH_1,THH012,A12,0.97,0.44,44.99,-18.43,0.14,14.09,7.06,3.19,,
250407_BOEM_THH_1,THH013,B1,1,0.44,44.1,-17.86,0.14,13.81,7.6,3.19,,
250407_BOEM_THH_1,THH014,B2,1,0.43,43.35,-19.64,0.14,13.61,7.23,3.18,,
250407_BOEM_THH_1,THH015,B5,0.98,0.44,45.45,-18.95,0.14,14.08,7.72,3.23,,
250407_BOEM_THH_1,THH016,B6,0.97,0.43,44.39,-18.25,0.13,13.82,7.89,3.21,,
250407_BOEM_THH_1,THH017,B7,0.94,0.42,44.52,-17.74,0.13,13.8,8.18,3.23,,
250407_BOEM_THH_1,THH018,B8,0.99,0.45,45.11,-18.98,0.14,13.87,8.03,3.25,,
250407_BOEM_THH_1,THH019,B9,1.06,0.46,43.86,-18.21,0.15,13.9,8.27,3.16,,
250407_BOEM_THH_1,THH020,C1,1.05,0.46,43.76,-17.96,0.14,13.71,8.29,3.19,,
250407_BOEM_THH_1,THH021,C2,0.93,0.4,42.8,-18.67,0.12,13.32,7.96,3.21,,
250407_BOEM_THH_1,THH022,C3,0.96,0.42,43.75,-19.19,0.13,13.65,8.93,3.21,,
250407_BOEM_THH_1,THH023,C4,0.96,0.42,44.26,-18.74,0.13,13.88,10.05,3.19,,
250407_BOEM_THH_1,THH024,C5,1.03,0.44,43.05,-18.12,0.14,13.47,8.12,3.2,,
250407_BOEM_THH_1,THH025,C6,1.02,0.45,44.29,-18.97,0.14,13.84,8.18,3.2,,
250407_BOEM_THH_1,THH026,C9,1,0.44,44.13,-17.9,0.14,13.78,8.08,3.2,,
250407_BOEM_THH_1,THH027,C10,0.92,0.41,43.92,-18.08,0.13,13.64,8.92,3.22,,
250407_BOEM_THH_1,THH028,C11,1.05,0.46,43.58,-18.95,0.14,13.6,9.21,3.2,,
250407_BOEM_THH_1,THH031,D5,1.05,0.46,43.27,-20.44,0.14,13.59,12.83,3.18,,
250407_BOEM_THH_1,THH032,D6,1,0.44,43.44,-19.39,0.14,13.49,12.68,3.22,,
250407_BOEM_THH_1,THH033,D7,1.04,0.46,44.17,-19.42,0.14,13.68,8.52,3.23,,
250407_BOEM_THH_1,THH034,D8,0.92,0.4,43.72,-20.9,0.12,13.42,13.58,3.26,,
250407_BOEM_THH_1,THH035,D9,1.02,0.44,42.98,-20.5,0.14,13.26,12.81,3.24,Y,
250410_BOEM_1b,ATB001,A9,0.77,0.35,45.03,-19.11,0.11,14.2,11.76,3.17,Y,
250410_BOEM_1b,ATB002,A11,0.71,0.32,44.97,-17.91,0.1,13.9,12.23,3.23,,
250410_BOEM_1b,ATB003,A12,0.78,0.35,45.17,-18.47,0.11,13.81,11.51,3.27,,
250410_BOEM_1b,ATB004,B1,0.71,0.32,45.3,-18.33,0.1,14.02,11.76,3.23,,
250410_BOEM_1b,ATB005,B2,0.71,0.32,44.98,-18.68,0.1,13.91,11.83,3.23,,
250410_BOEM_1b,ATB006,B5,0.66,0.29,44.37,-18.2,0.09,13.87,11.09,3.2,,
250410_BOEM_1b,ATB007,B6,0.77,0.35,44.98,-19.06,0.11,13.92,11.45,3.23,,
250410_BOEM_1b,ATB008,B7,0.63,0.29,45.11,-18.62,0.09,14.1,11.64,3.2,,
250410_BOEM_1b,CRO001,B8,0.63,0.28,45.08,-18.55,0.09,14.09,12.45,3.2,,
250410_BOEM_1b,CRO002,B9,0.78,0.35,44.26,-20.1,0.11,13.92,11.47,3.18,,
250410_BOEM_1b,CRO003,C1,0.76,0.35,45.78,-19.4,0.11,14.45,9.74,3.17,,
250410_BOEM_1b,CRO004,C2,0.74,0.33,44.24,-17.83,0.1,13.92,12.75,3.18,,
250410_BOEM_1b,CRO005,C3,0.67,0.29,43.95,-18.61,0.09,13.78,12.37,3.19,,
250410_BOEM_1b,CRO006,C4,0.73,0.34,46.25,-18.36,0.11,14.39,12.6,3.21,,
250410_BOEM_1b,CRO007,C5,0.65,0.29,44.63,-18.34,0.09,14.12,14.01,3.16,,
250410_BOEM_1b,CRO008,C6,0.66,0.3,45.7,-18.76,0.09,14.31,12.26,3.19,,
250410_BOEM_1b,CRO009,C9,0.73,0.33,45.49,-19.09,0.1,14.3,12.38,3.18,,
250410_BOEM_1b,PIN001,C10,0.7,0.32,46.06,-18.61,0.1,14.22,10.87,3.24,,
250410_BOEM_1b,PIN002,C11,0.76,0.35,46.13,-19.59,0.11,14.54,9.41,3.17,,
250410_BOEM_1b,PIN003,C12,0.72,0.33,46.24,-17.66,0.1,14.54,11.84,3.18,,
250410_BOEM_1b,PIN004,D1,0.63,0.28,44.91,-17.29,0.09,14.13,10,3.18,,
250410_BOEM_1b,PIN005,D5,0.71,0.31,44.36,-18.08,0.1,13.75,10.54,3.22,,
250410_BOEM_1b,PIN006,D6,0.78,0.36,45.69,-17.86,0.11,14.41,11.12,3.17,,
250410_BOEM_1b,PIN007,D7,0.74,0.33,44.99,-17.44,0.1,14.12,11.49,3.19,,
250410_BOEM_1b,PIN008,D8,0.77,0.35,45.43,-18.19,0.11,14.15,11.28,3.21,,
250410_BOEM_1b,PIN009,D9,0.75,0.33,44.22,-19.35,0.1,13.94,11.46,3.17,Y,
250410_BOEM_THH_2,THH036,A9,1.08,0.49,44.94,-21.13,0.15,14.09,14.14,3.19,Y,
250410_BOEM_THH_2,THH037,A11,1.08,0.49,45.04,-19.4,0.15,14.14,10.37,3.18,,
250410_BOEM_THH_2,THH038,A12,0.96,0.43,44.84,-22.82,0.13,14.03,15.35,3.2,,
250410_BOEM_THH_2,THH039,B1,1.08,0.48,44.47,-22.24,0.15,14.06,12.19,3.16,,
250410_BOEM_THH_2,THH040,B2,1.02,0.46,45.36,-19.82,0.14,14.24,13.44,3.19,,
250410_BOEM_THH_2,THH041,B5,0.99,0.45,45.38,-21.16,0.14,14.32,12.45,3.17,,
250410_BOEM_THH_2,THH042,B6,0.96,0.43,44.7,-19.94,0.14,14.09,11.72,3.17,,
250410_BOEM_THH_2,THH043,B7,1.06,0.47,44.61,-19.6,0.15,13.97,13.09,3.19,,
250410_BOEM_THH_2,THH044,B8,1.01,0.44,43.4,-18.34,0.14,13.5,14.61,3.21,,
250410_BOEM_THH_2,THH045,B9,1,0.45,45.06,-20.49,0.14,14.2,15.92,3.17,,
250410_BOEM_THH_2,THH046,C1,1.02,0.44,43.41,-18.83,0.14,13.76,12.97,3.16,,
250410_BOEM_THH_2,THH047,C2,1.05,0.47,44.31,-19.87,0.15,14.11,11.7,3.14,,
250410_BOEM_THH_2,THH048,C3,0.95,0.41,43.18,-20.72,0.13,13.45,14.44,3.21,,
250410_BOEM_THH_2,THH049,C4,1.01,0.44,43.3,-20.8,0.14,13.64,14.48,3.18,,
250410_BOEM_THH_2,THH050,C5,0.98,0.43,43.66,-20.82,0.13,13.78,13.9,3.17,,
250410_BOEM_THH_2,THH051,C6,0.95,0.41,43.04,-19.93,0.13,13.57,13.67,3.17,,
250410_BOEM_THH_2,THH052,C9,0.98,0.45,45.72,-20.14,0.14,14.69,12.29,3.11,,
250410_BOEM_THH_2,THH053,C10,1.06,0.48,45.43,-18.75,0.15,14.32,10.68,3.17,,
250410_BOEM_THH_2,THH054,C11,1.07,0.48,45.04,-21.92,0.15,14.22,16.12,3.17,,
250410_BOEM_THH_2,THH055,C12,1.04,0.47,44.86,-19.51,0.15,14.29,11.39,3.14,,
250410_BOEM_THH_2,THH056,D1,0.99,0.44,44.24,-20.21,0.14,13.79,10.53,3.21,,
250410_BOEM_THH_2,THH057,D5,1.06,0.47,44.69,-21.02,0.15,14.27,15.67,3.13,,
250410_BOEM_THH_2,THH058,D6,1.02,0.47,45.62,-21.24,0.15,14.41,15.55,3.17,,
250410_BOEM_THH_2,THH059,D7,0.95,0.44,45.92,-19.98,0.14,14.4,10.98,3.19,,
250410_BOEM_THH_2,THH060,D8,1.02,0.47,45.85,-20.01,0.15,14.54,11.88,3.15,,
250410_BOEM_THH_2,THH061,D9,1.01,0.45,44.64,-19.49,0.14,13.82,12.93,3.23,Y,
250411_BOEM_CRO_1,CRO010,A9,0.99,0.46,46.37,-20.12,0.15,14.62,11.51,3.17,Y,
250411_BOEM_CRO_1,CRO011,A11,1,0.44,44.4,-18.02,0.14,14.06,12.22,3.16,,
250411_BOEM_CRO_1,CRO012,A12,0.92,0.41,44.15,-18.1,0.13,14.02,10.81,3.15,,
250411_BOEM_CRO_1,CRO013,B1,1.03,0.45,44.21,-17.77,0.14,13.84,11.16,3.19,,
250411_BOEM_CRO_1,CRO014,B2,1.01,0.46,45.27,-18.62,0.14,14.18,11.93,3.19,,
250411_BOEM_CRO_1,CRO015,B5,1.05,0.47,44.65,-19.57,0.15,14.16,11.62,3.15,,
250411_BOEM_CRO_1,CRO016,B6,1.07,0.47,44.08,-17.7,0.15,13.88,11.16,3.18,,
250411_BOEM_CRO_1,CRO017,B7,0.97,0.43,44.79,-17.9,0.14,14.08,12.19,3.18,,
250411_BOEM_CRO_1,CRO018,B8,0.97,0.44,45.82,-18.19,0.14,14.44,11.54,3.17,,
250411_BOEM_CRO_1,CRO019,B9,1.05,0.5,47.09,-17.91,0.16,14.87,12,3.17,,
250411_BOEM_CRO_1,CRO020,C1,1,0.45,45.49,-18.89,0.14,14.37,12.63,3.16,,
250411_BOEM_CRO_1,CRO021,C2,1.04,0.46,44.45,-20.31,0.15,14.06,13.5,3.16,,
250411_BOEM_CRO_1,CRO022,C3,1.06,0.48,45.31,-18.12,0.15,14.31,11.29,3.17,,
250411_BOEM_CRO_1,CRO023,C4,1.03,0.47,45.91,-17.99,0.15,14.46,10.92,3.17,,
250411_BOEM_CRO_1,CRO024,C5,0.99,0.45,45.68,-18.26,0.14,14.44,12.07,3.16,,
250411_BOEM_CRO_1,CRO025,C6,0.98,0.44,44.39,-17.74,0.14,13.92,11.69,3.19,,
250411_BOEM_CRO_1,CRO026,C9,1.01,0.47,46.75,-19.07,0.15,14.83,11.64,3.15,,
250411_BOEM_CRO_1,CRO027,C10,1.02,0.47,45.6,-21.05,0.15,14.36,15.12,3.18,,
250411_BOEM_CRO_1,CRO028,C11,1.02,0.48,46.56,-19.4,0.15,14.37,12,3.24,,
250411_BOEM_CRO_1,CRO029,C12,1.07,0.48,45.31,-20.83,0.15,14.3,11.53,3.17,,
250411_BOEM_CRO_1,CRO030,D1,0.99,0.46,46.09,-18.07,0.14,14.52,10.73,3.17,,
250411_BOEM_CRO_1,CRO031,D5,1,0.45,45.59,-18.84,0.14,14.36,12.49,3.17,,
250411_BOEM_CRO_1,CRO032,D6,1.02,0.46,45.08,-20.91,0.14,13.82,14.91,3.26,,
250411_BOEM_CRO_1,CRO033,D7,1,0.43,43.65,-19.49,0.14,13.69,12.01,3.19,,
250411_BOEM_CRO_1,CRO034,D8,1,0.45,45.63,-19.6,0.14,14.24,14.87,3.2,,
250411_BOEM_CRO_1,CRO035,D9,1.08,0.5,46.01,-18.93,0.16,14.39,11.96,3.2,Y,
250421_BOEM_ATB-STA,ATB009,B9,1.01,0.45,44.83,-19.63,0.14,13.83,11.53,3.24,,
250421_BOEM_ATB-STA,ATB010,C1,1,0.46,45.35,-19.03,0.14,13.95,11.34,3.25,,
250421_BOEM_ATB-STA,ATB011,C2,1.02,0.45,44.63,-19.05,0.14,13.89,11.41,3.21,,
250421_BOEM_ATB-STA,ATB012,C3,1.03,0.44,43.15,-19.19,0.14,13.39,11.17,3.22,,
250421_BOEM_ATB-STA,ATB013,C4,1,0.46,45.46,-19.07,0.14,14.15,11.12,3.21,,
250421_BOEM_ATB-STA,ATB014,C5,0.92,0.41,43.99,-18.59,0.13,13.67,11.54,3.22,,
250421_BOEM_ATB-STA,ATB015,C6,0.97,0.44,45.34,-19.45,0.14,14.09,11.12,3.22,,
250421_BOEM_ATB-STA,ATB016,C9,1.01,0.45,44.91,-19.08,0.14,14.01,11.35,3.21,,
250421_BOEM_ATB-STA,ATB017,C10,0.99,0.46,46.11,-18.96,0.14,14.48,11.6,3.18,,
250421_BOEM_ATB-STA,ATB018,C11,1.08,0.5,46.14,-18.99,0.16,14.48,11.43,3.19,,
250421_BOEM_ATB-STA,ATB019,C12,1.08,0.49,45.61,-18.44,0.15,13.48,11.41,3.38,,
250421_BOEM_ATB-STA,ATB020,D1,1.01,0.45,44.65,-17.94,0.14,13.96,11.16,3.2,,
250421_BOEM_ATB-STA,ATB021,D5,1.04,0.48,46.06,-18.71,0.15,14.3,10.93,3.22,,
250421_BOEM_ATB-STA,ATB022,D6,0.99,0.45,45.29,-19.01,0.14,14.18,12.56,3.19,,
250421_BOEM_ATB-STA,ATB023,D7,0.93,0.43,46.42,-18.97,0.14,14.58,11.77,3.18,,
250421_BOEM_ATB-STA,ATB024,D8,0.99,0.45,45.62,-18.24,0.14,14.25,11.8,3.2,,
250421_BOEM_ATB-STA,ATB025,D9,0.99,0.45,45.43,-19.3,0.14,14.25,12.48,3.19,Y,
250421_BOEM_ATB-STA,STA001,A9,1.04,0.47,45.57,-18.98,0.15,14.25,11.94,3.2,Y,
250421_BOEM_ATB-STA,STA002,A11,0.94,0.41,43.63,-18.54,0.13,13.73,12.42,3.18,,
250421_BOEM_ATB-STA,STA003,A12,0.97,0.44,44.84,-18.73,0.14,14.22,11.92,3.15,,
250421_BOEM_ATB-STA,STA004,B1,1.07,0.49,45.81,-19.73,0.15,14.53,12.63,3.15,,
250421_BOEM_ATB-STA,STA005,B2,0.94,0.43,45.93,-18.73,0.14,14.51,12.26,3.17,,
250421_BOEM_ATB-STA,STA006,B5,1.03,0.47,45.89,-19.02,0.15,14.55,11.62,3.15,,
250421_BOEM_ATB-STA,STA007,B6,0.95,0.44,46.13,-18.75,0.14,14.47,12.24,3.19,,
250421_BOEM_ATB-STA,STA008,B7,0.99,0.45,45.45,-20.93,0.14,14.23,12.2,3.19,,
250421_BOEM_ATB-STA,STA009,B8,1.01,0.46,45.46,-18.73,0.14,14.33,12.11,3.17,,
250421_BOEM_CRO_2,CRO036,A9,0.99,0.45,45.78,-19.92,0.14,14.47,10.63,3.16,Y,
250421_BOEM_CRO_2,CRO037,A11,1.06,0.47,44.39,-19.68,0.15,14,13.82,3.17,,
250421_BOEM_CRO_2,CRO038,A12,1.05,0.48,45.45,-17.4,0.15,14.36,12,3.17,,
250421_BOEM_CRO_2,CRO039,B1,0.96,0.44,46,-19.94,0.14,14.48,11.9,3.18,,
250421_BOEM_CRO_2,CRO040,B2,0.96,0.43,45.31,-21.76,0.14,14.32,11.21,3.16,,
250421_BOEM_CRO_2,CRO041,B5,0.93,0.43,45.8,-21.72,0.13,14.36,11.46,3.19,,
250421_BOEM_CRO_2,CRO042,B6,1.01,0.46,45.78,-20.33,0.14,14.41,12.04,3.18,,
250421_BOEM_CRO_2,CRO043,B7,1.04,0.47,45.58,-20.78,0.15,14.45,12.24,3.15,,
250421_BOEM_CRO_2,CRO044,B8,1.02,0.46,45.53,-22.48,0.15,14.29,11.21,3.19,,
250421_BOEM_CRO_2,CRO045,B9,1.01,0.46,45.71,-21.78,0.15,14.35,8.61,3.19,,
250421_BOEM_CRO_2,CRO046,C1,1.04,0.48,45.87,-20.44,0.15,14.15,12.63,3.24,,
250421_BOEM_CRO_2,CRO047,C2,1.03,0.47,45.14,-20.78,0.15,14.16,12.23,3.19,,
250421_BOEM_CRO_2,CRO048,C3,0.94,0.44,46.57,-19.08,0.13,14.35,11.76,3.25,,
250421_BOEM_CRO_2,CRO049,C4,1,0.46,46.11,-18.64,0.15,14.63,11.36,3.15,,
250421_BOEM_CRO_2,CRO050,C5,1.01,0.46,46.27,-20.07,0.15,14.61,12.54,3.17,,
250421_BOEM_CRO_2,CRO051,C6,0.94,0.44,46.69,-21.43,0.14,14.61,11.34,3.2,,
250421_BOEM_CRO_2,CRO052,C9,0.97,0.45,46.65,-20.14,0.14,14.54,12.69,3.21,,
250421_BOEM_CRO_2,CRO053,C10,1.04,0.49,46.66,-19.55,0.15,14.62,12.35,3.19,,
250421_BOEM_CRO_2,CRO054,C11,1,0.46,46.04,-19.88,0.14,14.44,14.73,3.19,,
250421_BOEM_CRO_2,CRO055,C12,0.98,0.45,45.95,-20.98,0.14,14.42,11.91,3.19,,
250421_BOEM_CRO_2,CRO056,D1,1.03,0.48,46.21,-20.22,0.15,14.59,12.32,3.17,,
250421_BOEM_CRO_2,CRO057,D5,1.04,0.48,46.12,-21.19,0.15,14.3,12.5,3.22,,
250421_BOEM_CRO_2,CRO058,D6,1.03,0.48,46.41,-21.21,0.15,14.55,12.23,3.19,,
250421_BOEM_CRO_2,CRO059,D7,1,0.47,46.47,-24.1,0.15,14.46,12.9,3.21,,
250421_BOEM_CRO_2,CRO060,D8,1.01,0.46,46.09,-18.44,0.14,14.42,11.31,3.2,,
250421_BOEM_CRO_2,CRO061,D9,1.03,0.48,46.39,-18.41,0.15,14.48,11.43,3.2,Y,
250422_BOEM_PIN_1,PIN010,A11,1.01,0.46,45.19,-18.56,0.14,14.14,10.79,3.19,,
250422_BOEM_PIN_1,PIN011,A12,1,0.44,43.85,-18.27,0.14,13.74,13.53,3.19,,
250422_BOEM_PIN_1,PIN012,B1,1.01,0.46,45.18,-17.96,0.14,14.1,11.81,3.2,,
250422_BOEM_PIN_1,PIN013,B2,0.99,0.42,42.84,-23.42,0.13,13.31,10.7,3.22,,
250422_BOEM_PIN_1,PIN014,B5,1.02,0.44,43.69,-19.13,0.14,13.65,9.68,3.2,,
250422_BOEM_PIN_1,PIN015,B6,1.01,0.44,43.89,-18.98,0.14,13.71,10.65,3.2,,
250422_BOEM_PIN_1,PIN016,B7,1.04,0.48,46.71,-18.4,0.14,13.78,13.43,3.39,,
250422_BOEM_PIN_1,PIN017,B8,1.06,0.47,44.24,-19.55,0.15,13.69,10.96,3.23,,
250422_BOEM_PIN_1,PIN018,B9,0.94,0.41,44.15,-19.07,0.13,13.38,11.21,3.3,,
250422_BOEM_PIN_1,PIN019,C1,1.04,0.45,43.46,-17.7,0.14,13.41,10.56,3.24,,
250422_BOEM_PIN_1,PIN020,C2,1.01,0.45,45.08,-18.6,0.14,13.98,10.44,3.22,,
250422_BOEM_PIN_1,PIN021,C3,1.03,0.46,44.35,-18.59,0.14,13.61,11.07,3.26,,
250422_BOEM_PIN_1,PIN022,C4,1.04,0.47,44.8,-19.79,0.14,13.71,11.77,3.27,,
250422_BOEM_PIN_1,PIN023,C5,1.03,0.46,44.34,-18.15,0.14,13.63,11.3,3.25,,
250422_BOEM_PIN_1,PIN024,C6,1.05,0.46,44.14,-18.81,0.14,13.66,11.39,3.23,,
250422_BOEM_PIN_1,PIN025,C9,0.96,0.43,44.63,-19.46,0.13,13.65,10.5,3.27,,
250422_BOEM_PIN_1,PIN026,C10,1.1,0.48,43.56,-18.8,0.15,13.32,11.15,3.27,,
250422_BOEM_PIN_1,PIN027,C11,1.09,0.48,43.61,-18.82,0.15,13.41,11.42,3.25,,
250422_BOEM_PIN_1,PIN028,C12,0.98,0.44,44.63,-18.56,0.13,13.76,10.38,3.24,,
250422_BOEM_PIN_1,PIN029,D1,0.98,0.43,44.11,-21.37,0.13,13.42,11.04,3.29,,
250422_BOEM_PIN_1,PIN030,D5,0.99,0.43,43.94,-19.92,0.13,13.62,12.09,3.23,,
250422_BOEM_PIN_1,PIN031,D6,1.02,0.45,44.08,-18.94,0.14,13.54,11.26,3.26,,
250422_BOEM_PIN_1,PIN032,D7,0.99,0.44,44.58,-18.32,0.14,13.62,11.55,3.27,,
250422_BOEM_PIN_1,PIN033,D8,0.99,0.43,44,-14.9,0.13,13.52,9.11,3.25,,
250422_BOEM_PIN_1,PIN034,D9,0.99,0.42,43.1,-17.75,0.13,13.45,11.94,3.21,Y,
250422_BOEM_PIN_1,PIN035,A9,0.92,0.4,44.12,-19.04,0.13,13.8,10.78,3.2,Y,
250423_BOEM_CRO_3,CRO062,A9,0.65,0.3,46.62,-19.68,0.09,14.46,12.75,3.22,Y,
250423_BOEM_CRO_3,CRO063,A11,0.7,0.32,46.14,-21.06,0.1,14.39,12.44,3.21,,
250423_BOEM_CRO_3,CRO064,A12,0.66,0.3,45.77,-17.61,0.09,14.27,12.63,3.21,,
250423_BOEM_CRO_3,CRO065,B1,0.64,0.3,46.49,-17.58,0.09,14.63,13.15,3.18,,
250423_BOEM_CRO_3,CRO066,B2,0.68,0.34,49.67,-20.04,0.1,15.42,12.67,3.22,,
250423_BOEM_CRO_3,CRO067,B5,0.72,0.33,46.36,-18.24,0.11,14.62,11.79,3.17,,
250423_BOEM_CRO_3,CRO068,B6,0.67,0.3,44.56,-17.83,0.09,13.88,11.76,3.21,,
250423_BOEM_CRO_3,CRO069,B7,0.73,0.33,45.29,-18.7,0.1,14.25,12.06,3.18,,
250423_BOEM_CRO_3,CRO070,B8,0.63,0.28,44.84,-19.24,0.09,14.11,10.02,3.18,,
250423_BOEM_CRO_3,CRO071,B9,0.77,0.35,45.32,-17.66,0.11,14.02,12.19,3.23,,
250423_BOEM_CRO_3,CRO072,C1,0.72,0.33,45.57,-18.49,0.1,13.87,12.13,3.28,,
250423_BOEM_CRO_3,CRO073,C2,0.67,0.3,45.27,-17.49,0.09,14.12,13.1,3.21,,
250423_BOEM_CRO_3,CRO074,C3,0.76,0.34,45.01,-21.7,0.11,14.07,10.4,3.2,,
250423_BOEM_CRO_3,CRO075,C4,0.71,0.31,44.48,-17.82,0.1,13.75,11.66,3.23,,
250423_BOEM_CRO_3,CRO076,C5,0.64,0.28,44.76,-18.15,0.09,13.86,12.36,3.23,,
250423_BOEM_CRO_3,CRO077,C6,0.69,0.32,45.65,-20.63,0.1,14.33,10.97,3.19,,
250423_BOEM_CRO_3,CRO078,C9,0.66,0.3,45.58,-18.71,0.09,14.29,11.53,3.19,,
250423_BOEM_CRO_3,CRO079,C10,0.72,0.33,45.55,-18.08,0.1,14.18,11.86,3.21,,
250423_BOEM_CRO_3,CRO080,C11,0.69,0.31,44.99,-20.54,0.1,14.08,12.76,3.2,,
250423_BOEM_CRO_3,CRO081,C12,0.76,0.35,45.44,-19.89,0.11,14.18,11.25,3.2,,
250423_BOEM_CRO_3,CRO082,D1,0.69,0.32,45.77,-20.04,0.1,13.94,14.48,3.28,,
250423_BOEM_CRO_3,CRO083,D5,0.75,0.34,45,-20.28,0.11,14.06,12.59,3.2,,
250423_BOEM_CRO_3,CRO084,D6,0.66,0.3,44.74,-21.08,0.09,13.93,12.44,3.21,,
250423_BOEM_CRO_3,CRO085,D7,0.68,0.31,45.57,-17.86,0.1,14.27,11.87,3.19,,
250423_BOEM_CRO_3,CRO086,D8,0.76,0.35,45.37,-18.03,0.11,14.26,11.36,3.18,,
250423_BOEM_CRO_3,CRO087,D9,0.65,0.29,45.22,-18.79,0.09,13.88,10.6,3.26,Y,
250616_BOEM_CRO_4,CRO088,A9,0.67,0.29,44.17,-17.23,0.09,13.72,12.05,3.22,Y,
250616_BOEM_CRO_4,CRO089,A11,0.67,0.30,43.83,-20.66,0.09,13.59,12.05,3.23,,
250616_BOEM_CRO_4,CRO090,A12,0.74,0.32,43.38,-20.72,0.10,13.61,12.80,3.19,,
250616_BOEM_CRO_4,CRO091,B1,0.76,0.35,46.01,-16.88,0.11,14.38,11.27,3.20,,
250616_BOEM_CRO_4,CRO092,B2,0.68,0.31,46.19,-17.66,0.10,14.45,10.63,3.20,,
250616_BOEM_CRO_4,CRO093,B5,0.69,0.32,46.24,-17.98,0.10,14.42,12.35,3.21,,
250616_BOEM_CRO_4,CRO094,B6,0.69,0.32,46.76,-17.91,0.10,14.62,11.05,3.20,,
250616_BOEM_CRO_4,CRO095,B7,0.77,0.35,45.39,-17.97,0.11,14.31,10.54,3.17,,
250616_BOEM_CRO_4,CRO096,B8,0.77,0.36,46.50,-18.13,0.11,14.47,10.74,3.21,,
250616_BOEM_CRO_4,CRO097,B9,0.76,0.35,46.34,-18.61,0.11,14.44,11.89,3.21,,
250616_BOEM_CRO_4,CRO098,C1,0.79,0.36,45.80,-17.68,0.11,14.31,12.11,3.20,,
250616_BOEM_CRO_4,CRO099,C2,0.68,0.30,44.18,-18.59,0.10,13.93,11.69,3.17,,
250616_BOEM_CRO_4,CRO100,C3,0.78,0.36,46.66,-17.50,0.11,14.67,11.96,3.18,,
250616_BOEM_CRO_4,CRO101,C4,0.70,0.32,46.29,-17.77,0.10,14.49,12.03,3.20,,
250616_BOEM_CRO_4,CRO102,C5,0.63,0.30,46.74,-20.38,0.09,14.31,11.99,3.26,,
250616_BOEM_CRO_4,CRO103,C6,0.77,0.36,46.56,-20.01,0.11,14.58,11.85,3.19,,
250616_BOEM_CRO_4,CRO104,C9,0.63,0.28,45.45,-18.62,0.09,14.40,11.19,3.16,,
250616_BOEM_CRO_4,CRO105,C10,0.75,0.35,46.22,-18.14,0.11,14.50,11.91,3.19,,
250616_BOEM_CRO_4,CRO106,C11,0.73,0.34,46.53,-19.42,0.11,14.56,11.77,3.20,,
250616_BOEM_CRO_4,CRO107,C12,0.64,0.29,45.56,-18.44,0.09,14.30,12.10,3.19,,
250616_BOEM_CRO_4,CRO108,D1,0.69,0.32,46.25,-18.90,0.10,14.52,11.91,3.19,,
250616_BOEM_CRO_4,CRO109,D5,0.77,0.36,46.60,-20.12,0.11,14.58,12.56,3.20,,
250616_BOEM_CRO_4,CRO110,D6,0.75,0.34,45.81,-18.78,0.11,14.36,12.25,3.19,,
250616_BOEM_CRO_4,CRO111,D7,0.70,0.32,46.54,-18.20,0.10,14.63,12.23,3.18,,
250616_BOEM_CRO_4,CRO112,D8,0.71,0.32,44.98,-19.61,0.10,14.20,11.51,3.17,,
250616_BOEM_CRO_4,CRO113,D9,0.73,0.33,45.32,-19.18,0.10,14.26,11.68,3.18,Y,
250617_BOEM_CRO_5,CRO114,A9,0.76,0.35,45.87,-19.02,0.11,14.66,12.14,3.13,Y,
250617_BOEM_CRO_5,CRO115,A11,0.76,0.35,46.38,-21.02,0.11,14.76,12.62,3.14,,
250617_BOEM_CRO_5,CRO116,A12,0.69,0.32,46.01,-21.49,0.10,14.39,16.15,3.20,,
250617_BOEM_CRO_5,CRO117,B1,0.69,0.32,46.27,-18.75,0.10,14.61,16.10,3.17,,
250617_BOEM_CRO_5,CRO118,B2,0.70,0.32,46.39,-19.04,0.10,14.75,11.80,3.15,,
250617_BOEM_CRO_5,CRO119,B5,0.64,0.30,46.65,-18.75,0.10,14.91,12.39,3.13,,
250617_BOEM_CRO_5,CRO120,B6,0.72,0.33,46.66,-18.03,0.11,14.77,12.68,3.16,,
250617_BOEM_CRO_5,CRO121,B7,0.61,0.27,45.33,-20.92,0.09,14.28,12.39,3.18,,
250617_BOEM_CRO_5,CRO122,B8,0.75,0.35,46.59,-20.74,0.11,14.89,15.79,3.13,,
250617_BOEM_CRO_5,CRO123,B9,0.77,0.35,45.63,-19.94,0.11,14.51,12.08,3.15,,
250617_BOEM_CRO_5,CRO124,C1,0.69,0.31,45.83,-21.41,0.10,14.61,11.90,3.14,,
250617_BOEM_CRO_5,CRO125,C2,0.72,0.30,42.18,-20.99,0.10,13.35,15.29,3.16,,
250617_BOEM_CRO_5,CRO126,C3,0.61,0.28,46.41,-19.31,0.09,14.66,13.06,3.17,,
250617_BOEM_CRO_5,CRO127,C4,0.73,0.34,46.29,-21.53,0.11,14.62,11.88,3.17,,
250617_BOEM_CRO_5,CRO128,C5,0.69,0.32,46.84,-21.00,0.10,14.67,13.31,3.19,,
250617_BOEM_CRO_5,CRO129,C6,0.76,0.35,46.06,-18.24,0.11,14.43,13.08,3.19,,
250617_BOEM_CRO_5,CRO130,C9,0.68,0.31,46.30,-19.21,0.10,14.63,13.98,3.17,,
250617_BOEM_CRO_5,CRO131,C10,0.66,0.31,46.42,-18.23,0.10,14.65,12.34,3.17,,
250617_BOEM_CRO_5,CRO132,C11,0.65,0.30,46.65,-19.94,0.09,14.67,12.65,3.18,,
250617_BOEM_CRO_5,CRO133,C12,0.72,0.33,46.27,-21.14,0.11,14.68,11.95,3.15,,
250617_BOEM_CRO_5,CRO134,D1,0.68,0.30,43.51,-18.16,0.09,13.56,12.40,3.21,,
250617_BOEM_CRO_5,CRO135,D5,0.73,0.34,46.85,-19.05,0.11,14.70,11.90,3.19,,
250617_BOEM_CRO_5,CRO136,D6,0.76,0.35,46.51,-19.43,0.11,14.44,15.00,3.22,,
250617_BOEM_CRO_5,CRO137,D7,0.76,0.36,46.96,-23.21,0.11,14.79,12.22,3.17,,
250617_BOEM_CRO_5,CRO138,D8,0.73,0.33,45.82,-18.71,0.11,14.47,12.49,3.17,,
250617_BOEM_CRO_5,CRO139,D9,0.68,0.31,45.89,-18.66,0.10,14.54,13.90,3.16,Y,
250618_BOEM_MOF_1,MOF010,A9,0.70,0.33,46.24,-18.66,0.10,13.77,12.17,3.36,Y,
250618_BOEM_MOF_1,MOF011,A11,0.75,0.34,45.81,-18.34,0.10,13.82,12.83,3.31,,
250618_BOEM_MOF_1,MOF012,A12,0.65,0.30,45.63,-18.04,0.09,14.24,11.45,3.20,,
250618_BOEM_MOF_1,MOF013,B1,0.71,0.33,46.30,-17.99,0.10,14.20,13.29,3.26,,
250618_BOEM_MOF_1,MOF014,B2,0.76,0.35,46.27,-18.63,0.11,13.87,14.45,3.34,,
250618_BOEM_MOF_1,MOF015,B5,0.78,0.35,44.67,-17.92,0.11,13.85,11.19,3.22,,
250618_BOEM_MOF_1,MOF016,B6,0.79,0.36,45.19,-18.04,0.11,14.14,12.87,3.20,,
250618_BOEM_MOF_1,MOF017,B7,0.69,0.31,45.04,-18.00,0.10,13.98,14.84,3.22,,
250618_BOEM_MOF_1,MOF018,B8,0.69,0.31,44.94,-17.59,0.10,13.97,12.60,3.22,,
250618_BOEM_MOF_1,MOF019,B9,0.63,0.26,40.94,-18.03,0.08,12.69,11.68,3.22,,
250618_BOEM_MOF_1,MOF020,C1,0.67,0.29,43.98,-18.13,0.09,13.77,11.34,3.19,,
250618_BOEM_MOF_1,MOF021,C2,0.67,0.30,44.30,-17.43,0.09,13.58,15.52,3.26,,
250618_BOEM_MOF_1,MOF022,C3,0.76,0.35,45.47,-18.08,0.11,14.16,12.97,3.21,,
250618_BOEM_MOF_1,MOF023,C4,0.71,0.32,45.45,-18.48,0.10,14.03,13.55,3.24,,
250618_BOEM_MOF_1,MOF024,C5,0.78,0.36,45.28,-17.95,0.11,14.10,15.04,3.21,,
250618_BOEM_MOF_1,MOF025,C6,0.66,0.30,45.94,-17.74,0.09,13.98,13.01,3.29,,
250618_BOEM_MOF_1,MOF026,C9,0.78,0.35,44.99,-18.59,0.11,13.67,14.13,3.29,,
250618_BOEM_MOF_1,MOF027,C10,0.78,0.35,45.14,-17.73,0.11,13.98,11.81,3.23,,
250618_BOEM_MOF_1,MOF028,C11,0.70,0.31,44.79,-17.86,0.10,14.00,12.51,3.20,,
250618_BOEM_MOF_1,MOF029,C12,0.64,0.29,44.80,-18.08,0.09,13.89,12.32,3.22,,
250618_BOEM_MOF_1,MOF030,D1,0.71,0.32,44.62,-17.85,0.10,13.89,12.89,3.21,,
250618_BOEM_MOF_1,MOF031,D5,0.74,0.34,45.47,-18.26,0.10,14.04,13.39,3.24,,
250618_BOEM_MOF_1,MOF032,D6,0.63,0.28,44.71,-18.37,0.09,13.86,13.73,3.23,,
250618_BOEM_MOF_1,MOF033,D7,0.65,0.29,44.94,-18.31,0.09,13.68,14.25,3.29,,
250618_BOEM_MOF_1,MOF034,D8,0.66,0.30,45.55,-18.73,0.09,13.38,14.14,3.41,,
250618_BOEM_MOF_1,MOF035,D9,0.73,0.32,44.33,-18.53,0.10,13.79,14.09,3.21,Y,
250619_BOEM_PIN_2,PIN036,A9,0.71,0.32,44.29,-17.89,0.10,13.92,10.77,3.18,Y,
250619_BOEM_PIN_2,PIN037,A11,0.64,0.28,44.32,-18.06,0.09,14.02,11.72,3.16,,
250619_BOEM_PIN_2,PIN038,A12,0.64,0.28,44.25,-19.42,0.09,13.93,11.93,3.18,,
250619_BOEM_PIN_2,PIN039,B1,0.74,0.33,44.18,-19.95,0.10,14.04,10.47,3.15,,
250619_BOEM_PIN_2,PIN040,B2,0.78,0.34,44.19,-18.33,0.11,14.05,11.50,3.15,,
250619_BOEM_PIN_2,PIN041,B5,0.63,0.28,45.14,-18.00,0.09,14.20,9.64,3.18,,
250619_BOEM_PIN_2,PIN042,B6,0.85,0.37,43.97,-16.75,0.12,13.93,10.21,3.16,,
250619_BOEM_PIN_2,PIN043,B7,0.80,0.35,44.31,-18.25,0.11,14.01,11.06,3.16,,
250619_BOEM_PIN_2,PIN044,B8,0.76,0.34,44.30,-18.92,0.11,13.91,10.79,3.19,,
250619_BOEM_PIN_2,PIN045,B9,0.81,0.36,44.51,-18.30,0.11,14.04,10.48,3.17,,
250619_BOEM_PIN_2,PIN046,C1,0.90,0.40,44.78,-17.96,0.13,14.12,11.92,3.17,,
250619_BOEM_PIN_2,PIN047,C2,0.81,0.36,44.42,-19.87,0.11,13.86,12.21,3.21,,
250619_BOEM_PIN_2,PIN048,C3,0.81,0.36,44.33,-16.98,0.11,13.93,10.31,3.18,,
250619_BOEM_PIN_2,PIN049,C4,0.77,0.34,44.04,-18.21,0.11,13.90,10.40,3.17,,
250619_BOEM_PIN_2,PIN050,C5,0.91,0.41,44.71,-18.93,0.13,13.84,10.87,3.23,,
250619_BOEM_PIN_2,PIN051,C6,0.74,0.33,44.55,-19.81,0.10,13.65,11.62,3.26,,
250619_BOEM_PIN_2,PIN052,C9,0.83,0.37,44.86,-19.64,0.12,13.96,11.55,3.21,,
250619_BOEM_PIN_2,PIN053,C10,0.82,0.36,44.16,-21.99,0.11,13.97,10.81,3.16,,
250619_BOEM_PIN_2,PIN054,C11,0.82,0.36,44.15,-18.26,0.11,13.95,11.07,3.17,,
250619_BOEM_PIN_2,PIN055,C12,0.83,0.36,43.87,-18.21,0.11,13.84,10.52,3.17,,
250619_BOEM_PIN_2,PIN056,D1,0.95,0.42,44.07,-18.03,0.13,14.13,10.85,3.12,,
250619_BOEM_PIN_2,PIN057,D5,0.85,0.38,45.01,-18.40,0.12,14.29,11.00,3.15,,
250619_BOEM_PIN_2,PIN058,D6,0.85,0.37,43.69,-16.90,0.12,14.04,9.83,3.11,,
250619_BOEM_PIN_2,PIN059,D7,0.75,0.33,44.08,-19.90,0.10,13.99,11.77,3.15,,
250619_BOEM_PIN_2,PIN060,D8,0.86,0.37,43.72,-16.96,0.12,13.90,10.49,3.14,,
250619_BOEM_PIN_2,PIN061,D9,0.94,0.40,43.04,-18.64,0.13,13.90,12.66,3.10,Y,
250620_BOEM_CRO_6,CRO140,A9,0.75,0.35,46.54,-21.84,0.11,14.44,13.15,3.22,Y,
250620_BOEM_CRO_6,CRO141,A11,0.77,0.35,45.25,-17.73,0.11,14.10,15.09,3.21,,
250620_BOEM_CRO_6,CRO142,A12,0.66,0.31,46.61,-21.21,0.09,14.42,12.82,3.23,,
250620_BOEM_CRO_6,CRO143,B1,0.75,0.34,46.07,-17.98,0.10,13.90,14.67,3.31,,
250620_BOEM_CRO_6,CRO144,B2,0.63,0.29,46.32,-19.76,0.09,14.32,15.54,3.24,,
250620_BOEM_CRO_6,CRO145,B5,0.66,0.30,46.05,-19.69,0.09,14.40,12.61,3.20,,
250620_BOEM_CRO_6,CRO146,B6,0.67,0.31,46.81,-22.62,0.10,14.57,13.77,3.21,,
250620_BOEM_CRO_6,CRO147,B7,0.62,0.28,45.06,-23.37,0.09,13.89,10.41,3.25,,
250620_BOEM_CRO_6,CRO148,B8,0.75,0.34,45.90,-18.99,0.11,14.41,15.49,3.19,,
250620_BOEM_CRO_6,CRO149,B9,0.68,0.31,45.96,-19.63,0.10,14.41,13.06,3.19,,
250620_BOEM_CRO_6,CRO150,C1,0.67,0.30,45.67,-21.66,0.09,14.13,12.75,3.23,,
250620_BOEM_CRO_6,CRO151,C2,0.70,0.33,46.48,-21.53,0.10,14.36,15.69,3.24,,
250620_BOEM_CRO_6,CRO152,C3,0.73,0.34,45.91,-19.37,0.10,14.14,15.30,3.25,,
250620_BOEM_CRO_6,CRO153,C4,0.64,0.29,46.26,-20.51,0.09,14.46,15.87,3.20,,
250620_BOEM_CRO_6,CRO154,C5,0.72,0.34,47.25,-20.54,0.11,14.69,16.27,3.22,,
250620_BOEM_CRO_6,CRO155,C6,0.70,0.33,46.71,-17.97,0.10,14.44,14.23,3.24,,
250620_BOEM_CRO_6,CRO156,C9,0.75,0.34,45.92,-17.83,0.11,14.40,14.67,3.19,,
250620_BOEM_CRO_6,CRO157,C10,0.65,0.30,46.63,-20.62,0.09,14.45,15.55,3.23,,
250620_BOEM_CRO_6,CRO158,C11,0.76,0.35,46.53,-20.16,0.11,14.63,12.93,3.18,,
250620_BOEM_CRO_6,CRO159,C12,0.65,0.29,45.21,-19.80,0.09,14.17,11.58,3.19,,
250620_BOEM_CRO_6,CRO160,D1,0.77,0.36,47.09,-19.90,0.11,14.75,12.83,3.19,,
250620_BOEM_CRO_6,CRO161,D5,0.64,0.30,46.83,-21.14,0.09,14.66,12.49,3.19,,
250620_BOEM_CRO_6,CRO162,D6,0.76,0.35,46.85,-17.45,0.11,14.59,11.87,3.21,,
250620_BOEM_CRO_6,CRO163,D7,0.76,0.36,47.07,-19.08,0.11,14.26,13.55,3.30,,
250620_BOEM_CRO_6,CRO164,D8,0.75,0.35,46.68,-18.62,0.11,14.55,11.53,3.21,,
250620_BOEM_CRO_6,CRO165,D9,0.73,0.34,46.40,-18.41,0.10,14.20,11.94,3.27,Y,
250622_BOEM_PIN_3,PIN062,A9,0.67,0.29,43.93,-17.25,0.09,13.94,10.08,3.15,Y,
250622_BOEM_PIN_3,PIN063,A11,0.77,0.34,43.83,-17.35,0.11,14.06,11.26,3.12,,
250622_BOEM_PIN_3,PIN064,A12,0.72,0.32,44.64,-18.51,0.10,13.95,10.97,3.20,,
250622_BOEM_PIN_3,PIN065,B1,0.77,0.34,44.38,-17.87,0.11,13.95,10.33,3.18,,
250622_BOEM_PIN_3,PIN066,B2,0.75,0.33,44.60,-18.47,0.10,13.97,10.78,3.19,,
250622_BOEM_PIN_3,PIN067,B5,0.72,0.32,44.63,-18.25,0.10,14.13,11.09,3.16,,
250622_BOEM_PIN_3,PIN068,B6,0.67,0.30,44.68,-18.99,0.09,14.13,11.17,3.16,,
250622_BOEM_PIN_3,PIN069,B7,0.68,0.30,44.49,-18.89,0.09,13.90,11.20,3.20,,
250622_BOEM_PIN_3,PIN070,B8,0.79,0.35,44.04,-19.52,0.11,13.83,11.04,3.18,,
250622_BOEM_PIN_3,PIN071,B9,0.77,0.34,44.10,-21.64,0.11,13.87,11.23,3.18,,
250622_BOEM_PIN_3,PIN072,C1,0.76,0.33,43.63,-19.39,0.10,13.74,11.54,3.18,,
250622_BOEM_PIN_3,PIN073,C2,0.72,0.32,44.25,-21.40,0.10,13.93,10.70,3.18,,
250622_BOEM_PIN_3,PIN074,C3,0.73,0.32,44.64,-21.52,0.10,13.95,10.86,3.20,,
250622_BOEM_PIN_3,PIN075,C4,0.71,0.31,44.08,-19.29,0.10,13.90,11.39,3.17,,
250622_BOEM_PIN_3,PIN076,C5,0.71,0.31,44.05,-19.11,0.10,13.83,11.86,3.19,,
250622_BOEM_PIN_3,PIN077,C6,0.71,0.31,43.99,-23.26,0.10,13.75,12.61,3.20,,
250622_BOEM_PIN_3,PIN078,C9,0.66,0.30,44.98,-18.71,0.09,13.71,10.56,3.28,,
250622_BOEM_PIN_3,PIN079,C10,0.65,0.29,44.28,-17.96,0.09,13.95,13.49,3.17,,
250622_BOEM_PIN_3,PIN080,C11,0.71,0.31,43.51,-25.62,0.10,13.80,12.78,3.15,,
250622_BOEM_PIN_3,PIN081,C12,0.62,0.27,42.75,-17.78,0.09,13.72,11.33,3.12,,
250622_BOEM_PIN_3,PIN082,D1,0.75,0.33,43.39,-17.61,0.10,13.91,11.69,3.12,,
250622_BOEM_PIN_3,PIN083,D5,0.72,0.31,43.69,-17.61,0.10,13.98,10.27,3.13,,
250622_BOEM_PIN_3,PIN084,D6,0.70,0.31,43.51,-17.01,0.10,13.99,10.22,3.11,,
250622_BOEM_PIN_3,PIN085,D7,0.68,0.30,43.73,-17.49,0.09,13.92,11.93,3.14,,
250622_BOEM_PIN_3,PIN086,D8,0.66,0.28,43.01,-17.93,0.09,13.82,10.87,3.11,,
250622_BOEM_PIN_3,PIN087,D9,0.69,0.30,43.97,-17.57,0.10,13.98,10.64,3.14,Y,
250714_BOEM_PIN_4,PIN088,A9,0.69,0.30,44.13,-17.54,0.10,13.92,11.07,3.17,Y,
250714_BOEM_PIN_4,PIN089,A11,0.74,0.33,43.94,-17.85,0.10,13.85,10.48,3.17,,
250714_BOEM_PIN_4,PIN090,A12,0.68,0.25,36.52,-17.72,0.08,11.73,11.04,3.11,,
250714_BOEM_PIN_4,PIN091,B1,0.77,0.34,43.90,-20.44,0.11,13.76,10.95,3.19,,
250714_BOEM_PIN_4,PIN092,B2,0.73,0.33,44.98,-20.54,0.10,14.19,11.38,3.17,,
250714_BOEM_PIN_4,PIN093,B5,0.72,0.31,42.44,-18.70,0.09,13.07,11.26,3.25,,
250714_BOEM_PIN_4,PIN094,B6,0.78,0.35,44.72,-19.89,0.11,13.93,10.90,3.21,,
250714_BOEM_PIN_4,PIN095,B7,0.76,0.33,43.20,-16.24,0.10,13.28,9.68,3.25,,
250714_BOEM_PIN_4,PIN096,B8,0.79,0.35,44.00,-18.27,0.11,13.64,10.71,3.23,,
250714_BOEM_PIN_4,PIN097,B9,0.69,0.30,42.57,-19.54,0.09,13.16,11.12,3.24,,
250714_BOEM_PIN_4,PIN098,C1,0.76,0.33,43.72,-19.63,0.10,13.64,11.33,3.21,,
250714_BOEM_PIN_4,PIN099,C2,0.73,0.32,44.06,-17.73,0.10,13.74,10.35,3.21,,
250714_BOEM_PIN_4,PIN100,C3,0.75,0.33,43.77,-16.52,0.10,13.69,10.13,3.20,,
250714_BOEM_PIN_4,PIN101,C4,0.77,0.33,43.41,-18.15,0.10,13.58,10.16,3.20,,
250714_BOEM_PIN_4,PIN102,C5,0.81,0.35,43.64,-18.74,0.11,13.58,11.85,3.21,,
250714_BOEM_PIN_4,PIN103,C6,0.74,0.32,43.57,-18.61,0.10,13.62,9.33,3.20,,
250714_BOEM_PIN_4,PIN104,C9,0.78,0.34,43.72,-18.14,0.11,13.69,10.70,3.19,,
250714_BOEM_PIN_4,PIN105,C10,0.80,0.35,43.48,-17.92,0.11,13.59,12.46,3.20,,
250714_BOEM_PIN_4,PIN106,C11,0.75,0.33,44.48,-18.15,0.10,13.73,10.11,3.24,,
250714_BOEM_PIN_4,PIN107,C12,0.72,0.32,43.90,-18.37,0.10,13.63,9.66,3.22,,
250714_BOEM_PIN_4,PIN108,D1,0.72,0.32,43.65,-18.10,0.10,13.66,9.64,3.19,,
250714_BOEM_PIN_4,PIN109,D5,0.73,0.32,43.51,-17.80,0.10,13.69,10.48,3.18,,
250714_BOEM_PIN_4,PIN110,D6,0.73,0.33,44.59,-18.80,0.10,13.76,10.32,3.24,,
250714_BOEM_PIN_4,PIN111,D7,0.73,0.32,43.81,-18.11,0.10,13.76,11.16,3.18,,
250714_BOEM_PIN_4,PIN112,D8,0.72,0.31,43.17,-19.04,0.10,13.55,10.75,3.19,,
250714_BOEM_PIN_4,PIN113,D9,0.76,0.33,43.84,-17.91,0.10,13.63,11.56,3.22,Y,
250715_BOEM_STA_2,STA036,A9,0.74,0.32,43.58,-18.39,0.10,13.88,11.46,3.14,Y,
250715_BOEM_STA_2,STA037,A11,0.65,0.28,42.89,-18.02,0.09,13.36,10.87,3.21,,
250715_BOEM_STA_2,STA038,A12,0.73,0.33,44.44,-18.71,0.10,14.14,11.47,3.14,,
250715_BOEM_STA_2,STA039,B1,0.75,0.33,44.18,-18.96,0.11,13.96,10.24,3.17,,
250715_BOEM_STA_2,STA040,B2,0.72,0.31,42.74,-18.01,0.10,13.28,12.46,3.22,,
250715_BOEM_STA_2,STA041,B5,0.76,0.34,44.68,-17.73,0.11,13.90,11.60,3.21,,
250715_BOEM_STA_2,STA042,B6,0.70,0.29,41.31,-19.49,0.09,12.22,9.65,3.38,,
250715_BOEM_STA_2,STA043,B7,0.65,0.28,42.66,-19.68,0.09,13.46,12.53,3.17,,
250715_BOEM_STA_2,STA044,B8,0.74,0.33,44.38,-18.63,0.10,14.05,13.33,3.16,,
250715_BOEM_STA_2,STA045,B9,0.68,0.30,44.14,-19.93,0.09,13.77,12.31,3.21,,
250715_BOEM_STA_2,STA046,C1,0.65,0.29,44.74,-19.85,0.09,13.93,12.58,3.21,,
250715_BOEM_STA_2,STA047,C2,0.68,0.30,44.43,-20.00,0.09,13.57,13.16,3.27,,
250715_BOEM_STA_2,STA048,C3,0.63,0.28,44.23,-19.54,0.09,13.73,13.32,3.22,,
250715_BOEM_STA_2,STA049,C4,0.76,0.34,44.86,-20.06,0.11,13.86,12.45,3.24,,
250715_BOEM_STA_2,STA050,C5,0.70,0.32,45.39,-20.06,0.09,13.62,12.62,3.33,,
250715_BOEM_STA_2,STA051,C6,0.76,0.33,44.36,-19.72,0.10,13.71,13.18,3.23,,
250715_BOEM_STA_2,STA052,C9,0.74,0.33,44.59,-19.76,0.10,13.91,13.24,3.21,,
250715_BOEM_STA_2,STA053,C10,0.64,0.28,44.01,-19.81,0.09,13.92,13.23,3.16,,
250715_BOEM_STA_2,STA054,C11,0.77,0.34,44.34,-19.30,0.11,14.00,12.96,3.17,,
250715_BOEM_STA_2,STA055,C12,0.73,0.32,43.98,-19.80,0.10,13.82,13.82,3.18,,
250715_BOEM_STA_2,STA056,D1,0.70,0.31,43.79,-20.38,0.10,13.72,16.12,3.19,,
250715_BOEM_STA_2,STA057,D5,0.64,0.28,44.00,-19.74,0.09,13.95,14.26,3.15,,
250715_BOEM_STA_2,STA058,D6,0.67,0.29,43.19,-19.37,0.09,13.66,14.66,3.16,,
250715_BOEM_STA_2,STA059,D7,0.67,0.29,43.62,-19.79,0.09,13.85,12.28,3.15,,
250715_BOEM_STA_2,STA060,D8,0.69,0.30,43.24,-19.93,0.09,13.61,12.02,3.18,,
250715_BOEM_STA_2,STA061,D9,0.69,0.30,43.87,-19.92,0.10,13.89,14.24,3.16,Y,
250716_BOEM_STA_1,STA010,A9,0.68,0.30,43.74,-18.68,0.09,13.55,11.90,3.23,Y,
250716_BOEM_STA_1,STA011,A11,0.75,0.33,43.60,-19.49,0.10,13.52,10.47,3.23,,
250716_BOEM_STA_1,STA012,A12,0.75,0.33,44.15,-18.70,0.10,13.57,11.33,3.25,,
250716_BOEM_STA_1,STA013,B1,0.79,0.34,43.47,-18.83,0.11,13.44,10.02,3.23,,
250716_BOEM_STA_1,STA014,B2,0.63,0.28,44.10,-18.76,0.09,13.65,11.00,3.23,,
250716_BOEM_STA_1,STA015,B5,0.69,0.30,43.21,-18.59,0.09,13.37,10.00,3.23,,
250716_BOEM_STA_1,STA016,B6,0.70,0.31,43.75,-18.51,0.09,13.55,11.41,3.23,,
250716_BOEM_STA_1,STA017,B7,0.65,0.29,43.67,-18.36,0.09,13.44,11.74,3.25,,
250716_BOEM_STA_1,STA018,B8,0.75,0.32,43.54,-18.43,0.10,13.49,9.90,3.23,,
250716_BOEM_STA_1,STA019,B9,0.67,0.29,43.43,-18.52,0.09,13.39,10.13,3.24,,
250716_BOEM_STA_1,STA020,C1,0.78,0.33,42.43,-18.44,0.10,13.10,11.42,3.24,,
250716_BOEM_STA_1,STA021,C2,0.75,0.33,43.68,-18.76,0.10,13.43,9.93,3.25,,
250716_BOEM_STA_1,STA022,C3,0.80,0.35,44.29,-18.52,0.11,13.73,10.70,3.23,,
250716_BOEM_STA_1,STA023,C4,0.79,0.35,44.97,-18.50,0.11,14.05,10.83,3.20,,
250716_BOEM_STA_1,STA024,C5,0.70,0.31,44.48,-18.19,0.10,13.87,11.37,3.21,,
250716_BOEM_STA_1,STA025,C6,0.74,0.33,44.71,-18.47,0.10,13.93,11.67,3.21,,
250716_BOEM_STA_1,STA026,C9,0.72,0.31,43.85,-18.53,0.10,13.72,11.62,3.20,,
250716_BOEM_STA_1,STA027,C10,0.67,0.30,44.90,-18.57,0.10,14.12,11.58,3.18,,
250716_BOEM_STA_1,STA028,C11,0.77,0.34,44.33,-18.67,0.11,13.78,11.01,3.22,,
250716_BOEM_STA_1,STA029,C12,0.70,0.31,44.18,-18.22,0.10,13.85,11.56,3.19,,
250716_BOEM_STA_1,STA030,D1,0.64,0.29,44.87,-18.48,0.09,14.03,11.81,3.20,,
250716_BOEM_STA_1,STA031,D5,0.74,0.33,44.44,-19.09,0.10,13.95,12.20,3.19,,
250716_BOEM_STA_1,STA032,D6,0.79,0.35,44.84,-18.60,0.11,14.10,10.96,3.18,,
250716_BOEM_STA_1,STA033,D7,0.66,0.29,44.55,-18.62,0.09,14.04,11.26,3.17,,
250716_BOEM_STA_1,STA034,D8,0.76,0.34,44.37,-18.32,0.11,13.88,10.95,3.20,,
250716_BOEM_STA_1,STA035,D9,0.75,0.33,44.61,-18.48,0.10,13.70,11.09,3.26,Y,
250717_BOEM_CRO_7,CRO166,A9,0.67,0.30,45.65,-19.96,0.09,14.22,13.13,3.21,Y,
250717_BOEM_CRO_7,CRO167,A11,0.77,0.36,46.19,-18.94,0.11,14.43,11.23,3.20,,
250717_BOEM_CRO_7,CRO168,A12,0.70,0.33,46.75,-20.57,0.10,14.80,13.13,3.16,,
250717_BOEM_CRO_7,CRO169,B1,0.75,0.34,45.46,-18.05,0.11,14.53,13.75,3.13,,
250717_BOEM_CRO_7,CRO170,B2,0.70,0.32,45.92,-18.49,0.10,14.67,12.84,3.13,,
250717_BOEM_CRO_7,CRO171,B5,0.74,0.34,46.43,-20.21,0.11,14.88,13.23,3.12,,
250717_BOEM_CRO_7,CRO172,B6,0.71,0.32,45.92,-22.51,0.10,14.61,14.16,3.14,,
250717_BOEM_CRO_7,CRO173,B7,0.64,0.29,45.87,-20.76,0.09,14.68,12.78,3.12,,
250717_BOEM_CRO_7,CRO174,B8,0.70,0.32,45.81,-20.04,0.10,14.64,13.24,3.13,,
250717_BOEM_CRO_7,CRO175,B9,0.73,0.34,46.40,-17.17,0.11,14.77,12.08,3.14,,
250717_BOEM_CRO_7,CRO176,C1,0.66,0.30,45.72,-19.95,0.10,14.46,12.76,3.16,,
250717_BOEM_CRO_7,CRO177,C2,0.75,0.33,44.25,-19.05,0.11,14.06,13.11,3.15,,
250717_BOEM_CRO_7,CRO178,C3,0.75,0.34,44.79,-18.41,0.11,14.24,12.27,3.15,,
250717_BOEM_CRO_7,CRO179,C4,0.74,0.33,44.32,-18.54,0.11,14.22,11.90,3.12,,
250717_BOEM_CRO_7,CRO180,C5,0.72,0.32,44.50,-19.57,0.10,14.14,11.97,3.15,,
250717_BOEM_CRO_7,CRO181,C6,0.78,0.35,45.04,-20.00,0.11,14.21,13.13,3.17,,
250717_BOEM_CRO_7,CRO182,C9,0.73,0.33,44.74,-20.38,0.11,14.32,14.19,3.12,,
250717_BOEM_CRO_7,CRO183,C10,0.64,0.29,45.06,-17.95,0.09,14.18,12.32,3.18,,
250717_BOEM_CRO_7,CRO184,C11,0.69,0.30,44.11,-19.47,0.10,14.06,12.28,3.14,,
250717_BOEM_CRO_7,CRO185,C12,0.73,0.33,44.45,-18.04,0.10,14.11,12.49,3.15,,
250717_BOEM_CRO_7,CRO186,D1,0.68,0.30,44.07,-19.19,0.10,14.07,11.92,3.13,,
250717_BOEM_CRO_7,CRO187,D5,0.77,0.34,44.05,-20.94,0.11,14.09,12.63,3.13,,
250717_BOEM_CRO_7,CRO188,D6,0.78,0.36,45.60,-19.02,0.11,14.35,11.37,3.18,,
250717_BOEM_CRO_7,CRO189,D7,0.78,0.35,44.66,-18.20,0.11,14.08,12.27,3.17,,
250717_BOEM_CRO_7,CRO190,D8,0.65,0.29,44.07,-19.18,0.09,14.01,14.73,3.14,,
250717_BOEM_CRO_7,CRO191,D9,0.78,0.36,45.88,-19.04,0.11,14.56,13.83,3.15,Y,
250817_BOEM_CRO_8,CRO192,A9,0.73,0.32,43.77,-18.22,0.10,13.85,12.67,3.16,Y,
250817_BOEM_CRO_8,CRO193,A10,0.69,0.31,44.42,-18.90,0.10,14.22,12.23,3.12,,
250817_BOEM_CRO_8,CRO194,A11,0.65,0.32,48.45,-20.03,0.10,15.48,15.66,3.13,,
250817_BOEM_CRO_8,CRO195,A12,0.73,0.31,42.76,-18.42,0.10,13.79,13.27,3.10,,
250817_BOEM_CRO_8,CRO196,B1,0.74,0.33,45.16,-19.49,0.11,14.44,14.46,3.13,,
250817_BOEM_CRO_8,CRO197,B2,0.67,0.30,45.15,-18.46,0.10,14.38,11.67,3.14,,
250817_BOEM_CRO_8,CRO198,B5,0.68,0.30,44.20,-19.94,0.10,14.26,12.43,3.10,,
250817_BOEM_CRO_8,CRO199,B6,0.68,0.31,45.06,-22.96,0.10,14.36,14.13,3.14,,
250817_BOEM_CRO_8,CRO200,B7,0.74,0.33,44.30,-23.12,0.11,14.25,11.50,3.11,,
250817_BOEM_CRO_8,CRO201,B8,0.72,0.32,44.74,-21.31,0.10,13.87,12.46,3.23,,
250817_BOEM_CRO_8,CRO202,B9,0.65,0.28,42.83,-23.64,0.09,13.86,10.95,3.09,,
250817_BOEM_CRO_8,CRO203,C1,0.79,0.34,43.75,-21.06,0.11,13.83,12.55,3.16,,
250817_BOEM_CRO_8,CRO204,C2,0.65,0.28,42.79,-20.28,0.09,13.52,12.17,3.16,,
250817_BOEM_CRO_8,CRO205,C3,0.76,0.34,44.63,-20.32,0.11,14.20,12.26,3.14,,
250817_BOEM_CRO_8,CRO206,C4,0.63,0.28,44.67,-20.31,0.09,14.16,13.11,3.15,,
250817_BOEM_CRO_8,CRO207,C5,0.66,0.29,44.02,-21.08,0.09,13.77,14.77,3.20,,
250817_BOEM_CRO_8,CRO208,C6,0.73,0.32,44.29,-19.23,0.10,13.98,12.69,3.17,,
250817_BOEM_CRO_8,CRO209,C9,0.65,0.28,43.74,-19.55,0.09,13.85,12.03,3.16,,
250817_BOEM_CRO_8,CRO210,C10,0.66,0.30,45.57,-20.12,0.09,14.42,12.47,3.16,,
250817_BOEM_CRO_8,CRO211,C11,0.60,0.27,45.70,-18.44,0.09,14.18,12.65,3.22,Y,